rebalance_date,domain,basket_code,basket_name,avg_days_to_expiry,expiring_30d_share,expiring_60d_share,certainty_share,turnover,base_cost_bps,turnover_component_bps,expiry_component_bps,certainty_component_bps,estimated_total_cost_bps,estimated_cost_drag_return,cash_weight
2022-02-01,GENERAL,ADIT-X3,Major Economy Recession,38.0,0.75,0.75,,0.45,18.0,15.75,12.0,0.0,45.75,0.0020587500000000002,0.22999999999999998
2022-02-01,GENERAL,ADIT-X4,Pandemic & Health Crisis,39.666666666666664,0.3333333333333333,0.9333333333333333,,0.4499999999999999,18.0,15.749999999999996,8.933333333333334,0.0,42.68333333333334,0.0019207499999999995,0.18
2022-02-01,POLITICAL,ADIT-P3,EU Breakup Risk,22.0,1.0,1.0,,0.44999999999999996,18.0,15.749999999999998,16.0,0.0,49.75,0.00223875,0.22999999999999998
2022-02-01,POLITICAL,ADIT-P4,US Governance,333.0,0.0,0.0,,0.45,18.0,15.75,0.0,0.0,33.75,0.00151875,0.22999999999999998
2022-03-01,CONFLICT,ADIT-S2,Europe War & NATO Conflict,27.5,0.5,1.0,,0.45,18.0,15.75,11.0,0.0,44.75,0.00201375,0.22999999999999998
2022-03-01,CONFLICT,ADIT-S4,US-China Conflict Escalation,31.0,0.0,1.0,,0.45,18.0,15.75,6.0,0.0,39.75,0.00178875,0.22999999999999998
2022-03-01,GENERAL,ADIT-X3,Major Economy Recession,58.0,0.0,1.0,,0.6425000000000001,18.0,22.487500000000004,6.0,0.0,46.487500000000004,0.0029868218750000006,0.22999999999999998
2022-03-01,GENERAL,ADIT-X4,Pandemic & Health Crisis,52.333333333333336,0.0,0.8333333333333334,,0.7778836879432626,18.0,27.22592907801419,5.0,0.0,50.22592907801419,0.003906993094158243,0.22999999999999998
2022-03-01,POLITICAL,ADIT-P1,China Governance,31.0,0.0,1.0,,0.45,18.0,15.75,6.0,0.0,39.75,0.00178875,0.22999999999999998
2022-03-01,POLITICAL,ADIT-P4,US Governance,305.0,0.0,0.0,,0.6425000000000001,18.0,22.487500000000004,0.0,0.0,40.487500000000004,0.0026013218750000006,0.22999999999999998
2022-04-01,CONFLICT,ADIT-S2,Europe War & NATO Conflict,101.41666666666667,0.25,0.4166666666666667,,0.8350000000000001,18.0,29.225,5.0,0.0,52.225,0.004360787500000001,0.22
2022-04-01,GENERAL,ADIT-X3,Major Economy Recession,27.0,1.0,1.0,,0.065,18.0,2.275,16.0,0.0,36.275,0.0002357875,0.1643
2022-04-01,GENERAL,ADIT-X4,Pandemic & Health Crisis,93.33333333333333,0.0,0.3333333333333333,,0.7066666666666667,18.0,24.733333333333334,2.0,0.0,44.733333333333334,0.0031611555555555552,0.22999999999999998
2022-04-01,POLITICAL,ADIT-P3,EU Breakup Risk,121.0,0.0,0.0,,0.45,18.0,15.75,0.0,0.0,33.75,0.00151875,0.22999999999999998
2022-04-01,POLITICAL,ADIT-P4,US Governance,274.0,0.0,0.0,,0.535,18.0,18.725,0.0,0.0,36.725,0.0019647875,0.22999999999999998
2022-05-01,CONFLICT,ADIT-S2,Europe War & NATO Conflict,99.9090909090909,0.18181818181818182,0.45454545454545453,,0.3314355883762827,18.0,11.600245593169893,4.545454545454545,0.0,34.14570013862444,0.0011317100215965108,0.2229158294427822
2022-05-01,CONFLICT,ADIT-S4,US-China Conflict Escalation,31.0,0.0,1.0,,0.45,18.0,15.75,6.0,0.0,39.75,0.00178875,0.22999999999999998
2022-05-01,GENERAL,ADIT-X4,Pandemic & Health Crisis,111.5,0.0,0.16666666666666666,,0.535,18.0,18.725,1.0,0.0,37.725,0.0020182875000000003,0.22999999999999998
2022-05-01,POLITICAL,ADIT-P1,China Governance,245.0,0.0,0.0,,0.45,18.0,15.75,0.0,0.0,33.75,0.00151875,0.22999999999999998
2022-05-01,POLITICAL,ADIT-P3,EU Breakup Risk,71.0,0.0,0.3333333333333333,,0.23500000000000001,18.0,8.225,2.0,0.0,28.225,0.0006632875,0.2017
2022-05-01,POLITICAL,ADIT-P4,US Governance,244.0,0.0,0.0,,0.5783333333333334,18.0,20.241666666666667,0.0,0.0,38.24166666666667,0.0022116430555555555,0.22999999999999998
2022-06-01,CONFLICT,ADIT-S2,Europe War & NATO Conflict,108.57142857142857,0.2857142857142857,0.5714285714285714,,0.26480447963419096,18.0,9.268156787196684,6.285714285714285,0.0,33.553871072910965,0.0008885215369174921,0.20825698551952204
2022-06-01,GENERAL,ADIT-X4,Pandemic & Health Crisis,95.4,0.0,0.2,,0.32166666666666677,18.0,11.258333333333336,1.2000000000000002,0.0,30.458333333333336,0.000979743055555556,0.22076666666666667
2022-06-01,POLITICAL,ADIT-P1,China Governance,214.0,0.0,0.0,,0.065,18.0,2.275,0.0,0.0,20.275,0.0001317875,0.1643
2022-06-01,POLITICAL,ADIT-P3,EU Breakup Risk,60.0,0.0,1.0,,0.31695,18.0,11.093250000000001,6.0,0.0,35.09325,0.00111228055875,0.219729
2022-06-01,POLITICAL,ADIT-P4,US Governance,213.0,0.0,0.0,,0.065,18.0,2.275,0.0,0.0,20.275,0.0001317875,0.1643
2022-07-01,CONFLICT,ADIT-S2,Europe War & NATO Conflict,107.16666666666667,0.3333333333333333,0.3333333333333333,,0.34736664627104913,18.0,12.157832619486719,5.333333333333333,0.0,35.491165952820054,0.0012328447289280346,0.2264206621796308
2022-07-01,GENERAL,ADIT-X3,Major Economy Recession,26.25,1.0,1.0,,0.45,18.0,15.75,16.0,0.0,49.75,0.00223875,0.22999999999999998
2022-07-01,GENERAL,ADIT-X4,Pandemic & Health Crisis,72.25,0.25,0.75,,0.21623000000000003,18.0,7.568050000000001,7.0,0.0,32.56805,0.0007042189451500001,0.19757059999999999
2022-07-01,POLITICAL,ADIT-P1,China Governance,184.0,0.0,0.0,,0.03215000000000001,18.0,1.1252500000000003,0.0,0.0,19.12525,6.148767875000003e-05,0.15707300000000002
2022-07-01,POLITICAL,ADIT-P3,EU Breakup Risk,30.0,1.0,1.0,,0.45,18.0,15.75,16.0,0.0,49.75,0.00223875,0.22999999999999998
2022-07-01,POLITICAL,ADIT-P4,US Governance,183.0,0.0,0.0,,0.03215000000000001,18.0,1.1252500000000003,0.0,0.0,19.12525,6.148767875000003e-05,0.15707300000000002
2022-08-01,CONFLICT,ADIT-S2,Europe War & NATO Conflict,114.75,0.0,0.0,,0.2703874540153034,18.0,9.46356089053562,0.0,0.0,27.463560890535618,0.0007425802307386184,0.20948523988336676
2022-08-01,CONFLICT,ADIT-S4,US-China Conflict Escalation,31.0,0.0,1.0,,0.45,18.0,15.75,6.0,0.0,39.75,0.00178875,0.22999999999999998
2022-08-01,GENERAL,ADIT-X3,Major Economy Recession,51.0,0.0,1.0,,0.8349999999999997,18.0,29.22499999999999,6.0,0.0,53.224999999999994,0.004444287499999998,0.22999999999999998
2022-08-01,GENERAL,ADIT-X4,Pandemic & Health Crisis,159.0,0.0,0.0,,0.6506073500000001,18.0,22.771257250000005,0.0,0.0,40.771257250000005,0.0026526079635590797,0.22999999999999998
2022-08-01,POLITICAL,ADIT-P1,China Governance,153.0,0.0,0.0,,0.02853650000000002,18.0,0.9987775000000008,0.0,0.0,18.9987775,5.421586141287503e-05,0.15627803
2022-08-01,POLITICAL,ADIT-P4,US Governance,152.0,0.0,0.0,,0.02853650000000002,18.0,0.9987775000000008,0.0,0.0,18.9987775,5.421586141287503e-05,0.15627803
2022-09-01,CONFLICT,ADIT-S2,Europe War & NATO Conflict,83.75,0.25,0.25,,0.05474261994168335,18.0,1.915991697958917,4.0,0.0,23.915991697958916,0.00013092240440498192,0.16204337638717034
2022-09-01,GENERAL,ADIT-X4,Pandemic & Health Crisis,128.0,0.0,0.0,,0.065,18.0,2.275,0.0,0.0,20.275,0.0001317875,0.1643
2022-09-01,POLITICAL,ADIT-P1,China Governance,122.0,0.0,0.0,,0.02813901499999999,18.0,0.9848655249999996,0.0,0.0,18.984865525,5.342154157809577e-05,0.15619058330000002
2022-09-01,POLITICAL,ADIT-P4,US Governance,121.0,0.0,0.0,,0.02813901499999999,18.0,0.9848655249999996,0.0,0.0,18.984865525,5.342154157809577e-05,0.15619058330000002
2022-10-01,CONFLICT,ADIT-S2,Europe War & NATO Conflict,76.5,0.0,0.25,,0.3022979028291544,18.0,10.580426599020404,1.5,0.0,30.080426599020406,0.0009093249877090182,0.21650553862241395
2022-10-01,CONFLICT,ADIT-S3,Middle East Armed Conflict,91.0,0.0,0.0,,0.45,18.0,15.75,0.0,0.0,33.75,0.00151875,0.22999999999999998
2022-10-01,GENERAL,ADIT-X3,Major Economy Recession,26.0,1.0,1.0,,0.45,18.0,15.75,16.0,0.0,49.75,0.00223875,0.22999999999999998
2022-10-01,GENERAL,ADIT-X4,Pandemic & Health Crisis,98.0,0.0,0.0,,0.03215000000000001,18.0,1.1252500000000003,0.0,0.0,19.12525,6.148767875000003e-05,0.15707300000000002
2022-10-01,POLITICAL,ADIT-P1,China Governance,92.0,0.0,0.0,,0.02809529165000002,18.0,0.9833352077500007,0.0,0.0,18.983335207750002,5.3334233915145e-05,0.156180964163
2022-10-01,POLITICAL,ADIT-P4,US Governance,91.0,0.0,0.0,,0.02809529165000002,18.0,0.9833352077500007,0.0,0.0,18.983335207750002,5.3334233915145e-05,0.156180964163
2022-11-01,CONFLICT,ADIT-S2,Europe War & NATO Conflict,60.4,0.0,0.6,,0.3774542165391124,18.0,13.210897578868932,3.5999999999999996,0.0,34.81089757886893,0.0013139520072655256,0.22999999999999998
2022-11-01,CONFLICT,ADIT-S3,Middle East Armed Conflict,242.5,0.0,0.5,,0.3440909090909091,18.0,12.04318181818182,3.0,0.0,33.04318181818182,0.001136985847107438,0.2257
2022-11-01,GENERAL,ADIT-X3,Major Economy Recession,47.25,0.0,1.0,,0.835,18.0,29.224999999999998,6.0,0.0,53.224999999999994,0.0044442875,0.22999999999999998
2022-11-01,GENERAL,ADIT-X4,Pandemic & Health Crisis,67.0,0.0,0.0,,0.02853650000000002,18.0,0.9987775000000008,0.0,0.0,18.9987775,5.421586141287503e-05,0.15627803
2022-11-01,POLITICAL,ADIT-P1,China Governance,60.5,0.0,0.5,,0.4219095179185,18.0,14.7668331271475,3.0,0.0,35.7668331271475,0.0015090367322146236,0.22999999999999998
2022-11-01,POLITICAL,ADIT-P4,US Governance,60.0,0.0,1.0,,0.0280904820815,18.0,0.9831668728525,6.0,0.0,24.9831668728525,7.017892013809875e-05,0.15617990605793003
2022-12-01,CONFLICT,ADIT-S2,Europe War & NATO Conflict,30.285714285714285,0.7142857142857143,1.0,,0.27121249999999997,18.0,9.4924375,13.142857142857142,0.0,40.63529464285715,0.0011020799848325893,0.20966675
2022-12-01,CONFLICT,ADIT-S3,Middle East Armed Conflict,212.5,0.5,0.5,,0.06285000000000007,18.0,2.1997500000000025,8.0,0.0,28.19975,0.00017723542875000022,0.16382700000000003
2022-12-01,GENERAL,ADIT-X3,Major Economy Recession,30.0,1.0,1.0,,0.6425000000000001,18.0,22.487500000000004,16.0,0.0,56.487500000000004,0.003629321875000001,0.22999999999999998
2022-12-01,GENERAL,ADIT-X4,Pandemic & Health Crisis,37.0,0.0,1.0,,0.02813901499999999,18.0,0.9848655249999996,6.0,0.0,24.984865525,7.030495057809575e-05,0.15619058330000002
2022-12-01,POLITICAL,ADIT-P1,China Governance,30.5,0.5,1.0,,0.065,18.0,2.275,11.0,0.0,31.275,0.00020328749999999997,0.1643
2022-12-01,POLITICAL,ADIT-P4,US Governance,30.0,1.0,1.0,,0.028089953028965053,18.0,0.9831483560137768,16.0,0.0,34.98314835601378,9.826749941257431e-05,0.1561797896663723
2023-01-01,GENERAL,ADIT-X3,Major Economy Recession,31.0,0.0,1.0,0.0,0.8350000000000001,18.0,29.225,6.0,0.0,53.225,0.0044442875000000005,0.22999999999999998
2023-02-01,CONFLICT,ADIT-S2,Europe War & NATO Conflict,150.0,0.0,0.0,0.0,0.45,18.0,15.75,0.0,0.0,33.75,0.00151875,0.22999999999999998
2023-02-01,POLITICAL,ADIT-P4,US Governance,58.0,0.0,1.0,0.0,0.45,18.0,15.75,6.0,0.0,39.75,0.00178875,0.22999999999999998
2023-03-01,CONFLICT,ADIT-S2,Europe War & NATO Conflict,122.0,0.0,0.0,0.0,0.065,18.0,2.275,0.0,0.0,20.275,0.0001317875,0.1643
2023-03-01,GENERAL,ADIT-X3,Major Economy Recession,21.0,1.0,1.0,0.6666666666666666,0.44999999999999996,18.0,15.749999999999998,16.0,16.666666666666664,66.41666666666666,0.0029887499999999992,0.22999999999999998
2023-03-01,POLITICAL,ADIT-P4,US Governance,30.0,1.0,1.0,1.0,0.065,18.0,2.275,16.0,25.0,61.275,0.0003982875,0.1643
2023-04-01,CONFLICT,ADIT-S2,Europe War & NATO Conflict,91.0,0.0,0.0,0.0,0.03215000000000001,18.0,1.1252500000000003,0.0,0.0,19.12525,6.148767875000003e-05,0.15707300000000002
2023-04-01,GENERAL,ADIT-X3,Major Economy Recession,31.0,0.0,1.0,0.3333333333333333,0.835,18.0,29.224999999999998,6.0,8.333333333333332,61.55833333333332,0.005140120833333333,0.22999999999999998
2023-05-01,CONFLICT,ADIT-S2,Europe War & NATO Conflict,28.0,1.0,1.0,,0.8714635,18.0,30.501222499999997,16.0,0.0,64.5012225,0.005621046111412874,0.22999999999999998
2023-05-01,GENERAL,ADIT-X3,Major Economy Recession,86.0,0.0,0.0,,0.835,18.0,29.224999999999998,0.0,0.0,47.224999999999994,0.0039432875,0.22999999999999998
2023-06-01,GENERAL,ADIT-X3,Major Economy Recession,55.0,0.0,1.0,0.0,0.065,18.0,2.275,6.0,0.0,26.275,0.0001707875,0.1643
2023-07-01,GENERAL,ADIT-X3,Major Economy Recession,25.0,1.0,1.0,0.0,0.03215000000000001,18.0,1.1252500000000003,16.0,0.0,35.12525,0.00011292767875000005,0.15707300000000002
2023-10-01,CONFLICT,ADIT-S4,US-China Conflict Escalation,30.0,1.0,1.0,0.0,0.45,18.0,15.75,16.0,0.0,49.75,0.00223875,0.22999999999999998
2023-10-01,POLITICAL,ADIT-P2,EM Governance,30.0,1.0,1.0,0.0,0.45,18.0,15.75,16.0,0.0,49.75,0.00223875,0.22999999999999998
2023-10-01,POLITICAL,ADIT-P4,US Governance,91.0,0.0,0.0,0.0,0.45,18.0,15.75,0.0,0.0,33.75,0.00151875,0.22999999999999998
2023-11-01,ENERGY,ADIT-E3,Oil Supply Disruption,77.0,0.0,0.0,0.0,0.45,18.0,15.75,0.0,0.0,33.75,0.00151875,0.22999999999999998
2023-11-01,POLITICAL,ADIT-P4,US Governance,60.0,0.0,1.0,0.0,0.065,18.0,2.275,6.0,0.0,26.275,0.0001707875,0.1643
2023-12-01,ENERGY,ADIT-E3,Oil Supply Disruption,47.0,0.0,1.0,0.0,0.065,18.0,2.275,6.0,0.0,26.275,0.0001707875,0.1643
2024-01-01,CONFLICT,ADIT-S3,Middle East Armed Conflict,45.0,0.5,1.0,0.0,0.45,18.0,15.75,11.0,0.0,44.75,0.00201375,0.22999999999999998
2024-01-01,GENERAL,ADIT-X3,Major Economy Recession,45.0,0.5,1.0,0.0,0.45,18.0,15.75,11.0,0.0,44.75,0.00201375,0.22999999999999998
2024-01-01,POLITICAL,ADIT-P4,US Governance,120.0,0.0,0.0,0.0,0.45,18.0,15.75,0.0,0.0,33.75,0.00151875,0.22999999999999998
2024-02-01,CONFLICT,ADIT-S3,Middle East Armed Conflict,28.666666666666668,1.0,1.0,0.0,0.44999999999999996,18.0,15.749999999999998,16.0,0.0,49.75,0.00223875,0.22999999999999998
2024-02-01,GENERAL,ADIT-X3,Major Economy Recession,45.0,0.25,1.0,0.0,0.61,18.0,21.349999999999998,8.5,0.0,47.849999999999994,0.0029188499999999997,0.22999999999999998
2024-02-01,POLITICAL,ADIT-P4,US Governance,89.0,0.0,0.0,0.0,0.065,18.0,2.275,0.0,0.0,20.275,0.0001317875,0.1643
2024-03-01,GENERAL,ADIT-X3,Major Economy Recession,218.4,0.2,0.2,,0.655,18.0,22.925,3.2,0.0,44.125,0.0028901875,0.22999999999999998
2024-03-01,POLITICAL,ADIT-P4,US Governance,60.0,0.0,1.0,0.0,0.41785,18.0,14.62475,6.0,0.0,38.62475,0.00161393517875,0.22999999999999998
2024-04-01,CONFLICT,ADIT-S3,Middle East Armed Conflict,29.0,1.0,1.0,0.0,0.45,18.0,15.75,16.0,0.0,49.75,0.00223875,0.22999999999999998
2024-04-01,GENERAL,ADIT-X3,Major Economy Recession,214.83333333333334,0.16666666666666666,0.16666666666666666,,0.385,18.0,13.475,2.6666666666666665,0.0,34.141666666666666,0.0013144541666666666,0.22999999999999998
2024-04-01,POLITICAL,ADIT-P4,US Governance,29.0,1.0,1.0,1.0,0.45,18.0,15.75,16.0,25.0,74.75,0.0033637500000000004,0.22999999999999998
2024-05-01,POLITICAL,ADIT-P4,US Governance,187.0,0.0,0.0,0.0,0.835,18.0,29.224999999999998,0.0,0.0,47.224999999999994,0.0039432875,0.22999999999999998
2024-06-01,CONFLICT,ADIT-S3,Middle East Armed Conflict,157.0,0.0,0.0,0.0,0.45,18.0,15.75,0.0,0.0,33.75,0.00151875,0.22999999999999998
2024-06-01,POLITICAL,ADIT-P4,US Governance,156.0,0.0,0.0,0.0,0.45,18.0,15.75,0.0,0.0,33.75,0.00151875,0.22999999999999998
2024-07-01,CONFLICT,ADIT-S3,Middle East Armed Conflict,94.0,0.0,0.0,0.0,0.385,18.0,13.475,0.0,0.0,31.475,0.0012117875000000001,0.22999999999999998
2024-07-01,POLITICAL,ADIT-P4,US Governance,126.0,0.0,0.0,0.0,0.065,18.0,2.275,0.0,0.0,20.275,0.0001317875,0.1643
2024-08-01,CONFLICT,ADIT-S3,Middle East Armed Conflict,78.0,0.0,0.5,0.0,0.45,18.0,15.75,3.0,0.0,36.75,0.00165375,0.22999999999999998
2024-09-01,CONFLICT,ADIT-S3,Middle East Armed Conflict,41.0,0.6666666666666666,0.6666666666666666,0.0,0.23500000000000001,18.0,8.225,10.666666666666666,0.0,36.891666666666666,0.0008669541666666668,0.2017
2024-10-01,CONFLICT,ADIT-S3,Middle East Armed Conflict,31.666666666666668,0.6666666666666666,1.0,0.0,0.6339326086956522,18.0,22.187641304347824,12.666666666666666,0.0,52.854307971014485,0.0033506069332868613,0.22999999999999998
2024-10-01,ENERGY,ADIT-E3,Oil Supply Disruption,32.0,0.0,1.0,0.0,0.45,18.0,15.75,6.0,0.0,39.75,0.00178875,0.22999999999999998
2024-10-01,POLITICAL,ADIT-P4,US Governance,91.0,0.0,0.0,0.0,0.45,18.0,15.75,0.0,0.0,33.75,0.00151875,0.22999999999999998
2024-11-01,CONFLICT,ADIT-S3,Middle East Armed Conflict,60.0,0.0,1.0,0.0,0.835,18.0,29.224999999999998,6.0,0.0,53.224999999999994,0.0044442875,0.22999999999999998
2024-11-01,GENERAL,ADIT-X3,Major Economy Recession,41.0,0.0,1.0,,0.45,18.0,15.75,6.0,0.0,39.75,0.00178875,0.22999999999999998
2024-11-01,POLITICAL,ADIT-P3,EU Breakup Risk,41.0,0.0,1.0,,0.45,18.0,15.75,6.0,0.0,39.75,0.00178875,0.22999999999999998
2024-11-01,POLITICAL,ADIT-P4,US Governance,60.0,0.0,1.0,0.0,0.065,18.0,2.275,6.0,0.0,26.275,0.0001707875,0.1643
2024-12-01,CONFLICT,ADIT-S3,Middle East Armed Conflict,211.0,0.0,0.0,0.0,0.835,18.0,29.224999999999998,0.0,0.0,47.224999999999994,0.0039432875,0.22999999999999998
2025-01-01,CONFLICT,ADIT-S2,Europe War & NATO Conflict,89.0,0.0,0.0,0.0,0.45,18.0,15.75,0.0,0.0,33.75,0.00151875,0.22999999999999998
2025-01-01,CONFLICT,ADIT-S3,Middle East Armed Conflict,30.0,1.0,1.0,,0.835,18.0,29.224999999999998,16.0,0.0,63.224999999999994,0.005279287499999999,0.22999999999999998
2025-01-01,GENERAL,ADIT-X3,Major Economy Recession,28.0,1.0,1.0,0.0,0.44999999999999996,18.0,15.749999999999998,16.0,0.0,49.75,0.00223875,0.22999999999999998
2025-02-01,CONFLICT,ADIT-S2,Europe War & NATO Conflict,160.875,0.375,0.5,0.0,0.7244285714285714,18.0,25.355,6.75,0.0,50.105000000000004,0.0036297493571428576,0.22999999999999998
2025-02-01,CONFLICT,ADIT-S4,US-China Conflict Escalation,87.0,0.0,0.0,0.0,0.45,18.0,15.75,0.0,0.0,33.75,0.00151875,0.22999999999999998
2025-02-01,GENERAL,ADIT-X3,Major Economy Recession,42.25,0.0,1.0,0.0,0.835,18.0,29.224999999999998,6.0,0.0,53.224999999999994,0.0044442875,0.22999999999999998
2025-02-01,POLITICAL,ADIT-P2,EM Governance,31.0,0.0,1.0,0.0,0.45,18.0,15.75,6.0,0.0,39.75,0.00178875,0.22999999999999998
2025-02-01,POLITICAL,ADIT-P3,EU Breakup Risk,87.0,0.0,0.0,0.0,0.45,18.0,15.75,0.0,0.0,33.75,0.00151875,0.22999999999999998
2025-03-01,CONFLICT,ADIT-S2,Europe War & NATO Conflict,169.6875,0.1875,0.375,0.0,0.7314724183117046,18.0,25.601534640909662,4.125,0.0,47.72653464090966,0.0034910643711423533,0.18
2025-03-01,CONFLICT,ADIT-S3,Middle East Armed Conflict,167.5,0.5,0.5,0.0,0.44999999999999996,18.0,15.749999999999998,8.0,0.0,41.75,0.0018787499999999998,0.22999999999999998
2025-03-01,CONFLICT,ADIT-S4,US-China Conflict Escalation,59.0,0.0,1.0,0.0,0.065,18.0,2.275,6.0,0.0,26.275,0.0001707875,0.1643
2025-03-01,GENERAL,ADIT-X3,Major Economy Recession,30.0,1.0,1.0,0.0,0.835,18.0,29.224999999999998,16.0,0.0,63.224999999999994,0.005279287499999999,0.22999999999999998
2025-03-01,POLITICAL,ADIT-P2,EM Governance,61.0,0.0,0.0,0.0,0.835,18.0,29.224999999999998,0.0,0.0,47.224999999999994,0.0039432875,0.22999999999999998
2025-03-01,POLITICAL,ADIT-P3,EU Breakup Risk,96.4,0.0,0.4,0.0,0.655,18.0,22.925,2.4000000000000004,0.0,43.324999999999996,0.0028377874999999998,0.22999999999999998
2025-04-01,CONFLICT,ADIT-S2,Europe War & NATO Conflict,142.875,0.3125,0.5,0.0,0.22146273830155977,18.0,7.751195840554592,6.125,0.0,31.876195840554594,0.000705938961748601,0.14872180242634314
2025-04-01,CONFLICT,ADIT-S3,Middle East Armed Conflict,131.0,0.3333333333333333,0.3333333333333333,0.0,0.5820270270270269,18.0,20.37094594594594,5.333333333333333,0.0,43.70427927927928,0.0025437071737277814,0.22999999999999998
2025-04-01,CONFLICT,ADIT-S4,US-China Conflict Escalation,28.0,1.0,1.0,0.0,0.03215000000000001,18.0,1.1252500000000003,16.0,0.0,35.12525,0.00011292767875000005,0.15707300000000002
2025-04-01,GENERAL,ADIT-X3,Major Economy Recession,62.25,0.5,0.875,0.0,0.8350000000000002,18.0,29.225000000000005,10.25,0.0,57.47500000000001,0.004799162500000002,0.22999999999999998
2025-04-01,POLITICAL,ADIT-P2,EM Governance,151.5,0.5,0.5,0.0,0.835,18.0,29.224999999999998,8.0,0.0,55.224999999999994,0.004611287499999999,0.22999999999999998
2025-04-01,POLITICAL,ADIT-P3,EU Breakup Risk,59.333333333333336,0.5,0.5,0.0,0.085,18.0,2.975,8.0,0.0,28.975,0.00024628750000000004,0.16870000000000002
2025-05-01,CONFLICT,ADIT-S2,Europe War & NATO Conflict,186.625,0.125,0.25,0.0,0.42746761685525575,18.0,14.96136658993395,2.75,0.0,35.71136658993395,0.0015265452770843468,0.18
2025-05-01,CONFLICT,ADIT-S3,Middle East Armed Conflict,116.33333333333333,0.16666666666666666,0.6666666666666666,0.0,0.29516756756756757,18.0,10.330864864864864,5.666666666666666,0.0,33.99753153153153,0.001003496868546384,0.21493686486486485
2025-05-01,CONFLICT,ADIT-S4,US-China Conflict Escalation,30.0,1.0,1.0,0.0,0.8714635,18.0,30.501222499999997,16.0,0.0,64.5012225,0.005621046111412874,0.22999999999999998
2025-05-01,GENERAL,ADIT-X3,Major Economy Recession,157.0,0.0,0.5,0.0,0.7387499999999998,18.0,25.856249999999992,3.0,0.0,46.85624999999999,0.0034615054687499986,0.22999999999999998
2025-05-01,POLITICAL,ADIT-P2,EM Governance,244.0,0.0,0.0,0.0,0.45,18.0,15.75,0.0,0.0,33.75,0.00151875,0.22999999999999998
2025-06-01,CONFLICT,ADIT-S2,Europe War & NATO Conflict,91.0,0.0,0.0,0.0,0.8170756745682644,18.0,28.59764860988925,0.0,0.0,46.59764860988925,0.00380738051712202,0.22999999999999998
2025-06-01,CONFLICT,ADIT-S3,Middle East Armed Conflict,98.0,0.625,0.625,0.0,0.4548613436617497,18.0,15.920147028161239,10.0,0.0,43.92014702816124,0.0019977577091051025,0.22999999999999998
2025-06-01,CONFLICT,ADIT-S4,US-China Conflict Escalation,73.5,0.0,0.0,0.0,0.835,18.0,29.224999999999998,0.0,0.0,47.224999999999994,0.0039432875,0.22999999999999998
2025-06-01,GENERAL,ADIT-X3,Major Economy Recession,108.6,0.6,0.6,0.0,0.1933333333333334,18.0,6.766666666666669,9.6,0.0,34.36666666666667,0.0006644222222222225,0.19253333333333333
2025-06-01,POLITICAL,ADIT-P1,China Governance,29.0,1.0,1.0,0.0,0.45,18.0,15.75,16.0,0.0,49.75,0.00223875,0.22999999999999998
2025-06-01,POLITICAL,ADIT-P2,EM Governance,213.0,0.0,0.0,0.0,0.45,18.0,15.75,0.0,0.0,33.75,0.00151875,0.22999999999999998
2025-07-01,CONFLICT,ADIT-S2,Europe War & NATO Conflict,61.0,0.0,0.0,0.0,0.065,18.0,2.275,0.0,0.0,20.275,0.0001317875,0.1643
2025-07-01,CONFLICT,ADIT-S3,Middle East Armed Conflict,34.125,0.625,0.875,0.0,0.8350000000000001,18.0,29.225,11.5,0.0,58.725,0.004903537500000001,0.22999999999999998
2025-07-01,CONFLICT,ADIT-S4,US-China Conflict Escalation,43.5,0.0,1.0,0.0,0.065,18.0,2.275,6.0,0.0,26.275,0.0001707875,0.1643
2025-07-01,GENERAL,ADIT-X3,Major Economy Recession,85.33333333333333,0.6666666666666666,0.6666666666666666,0.0,0.5537333333333333,18.0,19.380666666666666,10.666666666666666,0.0,48.047333333333334,0.002660541004444444,0.22999999999999998
2025-07-01,GENERAL,ADIT-X4,Pandemic & Health Crisis,29.0,1.0,1.0,0.0,0.45,18.0,15.75,16.0,0.0,49.75,0.00223875,0.22999999999999998
2025-07-01,POLITICAL,ADIT-P2,EM Governance,168.0,0.0,0.0,0.0,0.385,18.0,13.475,0.0,0.0,31.475,0.0012117875000000001,0.22999999999999998
2025-08-01,CONFLICT,ADIT-S2,Europe War & NATO Conflict,167.0,0.5,0.5,0.0,0.70285,18.0,24.59975,8.0,0.0,50.59975,0.00355640342875,0.22999999999999998
2025-08-01,CONFLICT,ADIT-S3,Middle East Armed Conflict,30.0,1.0,1.0,0.0,0.7467708333333334,18.0,26.13697916666667,16.0,0.0,60.13697916666667,0.0044908542046440975,0.22999999999999998
2025-08-01,CONFLICT,ADIT-S4,US-China Conflict Escalation,273.5,0.5,0.5,0.0,0.86785,18.0,30.37475,8.0,0.0,56.37475,0.00489248267875,0.22999999999999998
2025-08-01,GENERAL,ADIT-X3,Major Economy Recession,107.0,0.0,0.5,0.0,0.5783333333333334,18.0,20.241666666666667,3.0,0.0,41.24166666666667,0.0023851430555555555,0.22999999999999998
2025-08-01,GENERAL,ADIT-X4,Pandemic & Health Crisis,47.0,0.0,1.0,,0.835,18.0,29.224999999999998,6.0,0.0,53.224999999999994,0.0044442875,0.22999999999999998
2025-08-01,POLITICAL,ADIT-P1,China Governance,517.0,0.0,0.0,0.0,0.45,18.0,15.75,0.0,0.0,33.75,0.00151875,0.22999999999999998
2025-08-01,POLITICAL,ADIT-P2,EM Governance,92.93333333333334,0.2,0.5333333333333333,0.0,0.6920212765957446,18.0,24.220744680851062,5.2,0.0,47.420744680851065,0.003281616427116342,0.18
2025-09-01,CONFLICT,ADIT-S2,Europe War & NATO Conflict,132.8,0.4,0.8,0.0,0.36474999999999996,18.0,12.76625,8.8,0.0,39.56625,0.0014431789687499997,0.22999999999999998
2025-09-01,CONFLICT,ADIT-S3,Middle East Armed Conflict,67.5,0.25,0.75,0.0,0.835,18.0,29.224999999999998,7.0,0.0,54.224999999999994,0.0045277875,0.22999999999999998
2025-09-01,CONFLICT,ADIT-S4,US-China Conflict Escalation,278.0,0.0,0.0,0.0,0.45,18.0,15.75,0.0,0.0,33.75,0.00151875,0.22999999999999998
2025-09-01,GENERAL,ADIT-X3,Major Economy Recession,104.5,0.0,0.5,0.16666666666666666,0.835,18.0,29.224999999999998,3.0,4.166666666666666,54.39166666666666,0.004541704166666665,0.22999999999999998
2025-09-01,POLITICAL,ADIT-P1,China Governance,486.0,0.0,0.0,0.0,0.065,18.0,2.275,0.0,0.0,20.275,0.0001317875,0.1643
2025-09-01,POLITICAL,ADIT-P2,EM Governance,80.16666666666667,0.4166666666666667,0.4166666666666667,0.0,0.3428765957446809,18.0,12.00068085106383,6.666666666666667,0.0,36.6673475177305,0.0012572375291866609,0.2154328510638298
2025-10-01,CONFLICT,ADIT-S2,Europe War & NATO Conflict,101.0,0.8333333333333334,0.8333333333333334,0.0,0.46125000000000005,18.0,16.14375,13.333333333333334,0.0,47.47708333333333,0.0021898804687500006,0.22999999999999998
2025-10-01,CONFLICT,ADIT-S3,Middle East Armed Conflict,40.166666666666664,0.8333333333333334,0.8333333333333334,,0.34,18.0,11.9,13.333333333333334,0.0,43.233333333333334,0.0014699333333333335,0.2248
2025-10-01,CONFLICT,ADIT-S4,US-China Conflict Escalation,195.66666666666666,0.0,0.3333333333333333,0.0,0.23500000000000001,18.0,8.225,2.0,0.0,28.225,0.0006632875,0.2017
2025-10-01,GENERAL,ADIT-X3,Major Economy Recession,125.5,0.375,0.375,0.125,0.15999999999999998,18.0,5.599999999999999,6.0,3.125,32.724999999999994,0.0005235999999999998,0.18519999999999998
2025-10-01,GENERAL,ADIT-X4,Pandemic & Health Crisis,70.66666666666667,0.3333333333333333,0.3333333333333333,,0.45,18.0,15.75,5.333333333333333,0.0,39.083333333333336,0.0017587500000000001,0.22999999999999998
2025-10-01,POLITICAL,ADIT-P1,China Governance,456.0,0.0,0.0,0.0,0.03215000000000001,18.0,1.1252500000000003,0.0,0.0,19.12525,6.148767875000003e-05,0.15707300000000002
2025-10-01,POLITICAL,ADIT-P2,EM Governance,62.44444444444444,0.3888888888888889,0.5,0.0,0.566390717325228,18.0,19.823675106382982,6.888888888888889,0.0,44.712563995271864,0.00253247811947322,0.18
2025-10-01,POLITICAL,ADIT-P4,US Governance,456.0,0.0,0.0,0.0,0.45,18.0,15.75,0.0,0.0,33.75,0.00151875,0.22999999999999998
2025-11-01,CONFLICT,ADIT-S2,Europe War & NATO Conflict,89.8,0.8,0.8,0.0,0.6964,18.0,24.374000000000002,12.8,0.0,55.17400000000001,0.0038423173600000003,0.22999999999999998
2025-11-01,CONFLICT,ADIT-S3,Middle East Armed Conflict,44.5,0.5,1.0,0.0,0.6980639999999999,18.0,24.432239999999997,11.0,0.0,53.43223999999999,0.0037299123183359988,0.22999999999999998
2025-11-01,CONFLICT,ADIT-S4,US-China Conflict Escalation,171.33333333333334,0.3333333333333333,0.6666666666666666,0.0,0.31694999999999995,18.0,11.093249999999998,7.333333333333333,0.0,36.42658333333333,0.0011545405587499997,0.219729
2025-11-01,GENERAL,ADIT-X3,Major Economy Recession,120.66666666666667,0.0,0.2222222222222222,0.1111111111111111,0.4591351711026616,18.0,16.069730988593157,1.3333333333333333,2.7777777777777777,38.18084209970427,0.0017530167470291428,0.22999999999999998
2025-11-01,GENERAL,ADIT-X4,Pandemic & Health Crisis,60.0,0.0,1.0,,0.32166666666666666,18.0,11.258333333333333,6.0,0.0,35.25833333333333,0.0011341430555555554,0.22076666666666667
2025-11-01,POLITICAL,ADIT-P1,China Governance,425.0,0.0,0.0,0.0,0.02853650000000002,18.0,0.9987775000000008,0.0,0.0,18.9987775,5.421586141287503e-05,0.15627803
2025-11-01,POLITICAL,ADIT-P2,EM Governance,68.38888888888889,0.2222222222222222,0.7777777777777778,0.1111111111111111,0.45658928571428575,18.0,15.980625000000002,6.888888888888889,2.7777777777777777,43.64729166666667,0.001992888572544643,0.18
2025-11-01,POLITICAL,ADIT-P3,EU Breakup Risk,60.0,0.0,1.0,0.0,0.45,18.0,15.75,6.0,0.0,39.75,0.00178875,0.22999999999999998
2025-11-01,POLITICAL,ADIT-P4,US Governance,242.5,0.0,0.5,0.0,0.385,18.0,13.475,3.0,0.0,34.475,0.0013272875,0.22999999999999998
2025-12-01,CONFLICT,ADIT-S2,Europe War & NATO Conflict,230.2,0.2,0.2,0.0,0.6964,18.0,24.374000000000002,3.2,0.0,45.574000000000005,0.0031737733600000007,0.22999999999999998
2025-12-01,CONFLICT,ADIT-S3,Middle East Armed Conflict,202.22222222222223,0.4444444444444444,0.4444444444444444,0.0,0.6999569967396505,18.0,24.49849488588777,7.111111111111111,0.0,49.60960599699888,0.003472459082309669,0.18
2025-12-01,CONFLICT,ADIT-S4,US-China Conflict Escalation,273.3333333333333,0.3333333333333333,0.3333333333333333,0.0,0.3199548333333333,18.0,11.198419166666666,5.333333333333333,0.0,34.5317525,0.0011048601115845416,0.22039006333333333
2025-12-01,ENERGY,ADIT-E3,Oil Supply Disruption,395.0,0.0,0.0,0.0,0.45000000000000007,18.0,15.750000000000002,0.0,0.0,33.75,0.0015187500000000001,0.22999999999999998
2025-12-01,GENERAL,ADIT-X3,Major Economy Recession,182.25,0.0,0.3125,0.0625,0.6328374999999998,18.0,22.149312499999994,1.875,1.5625,43.58681249999999,0.0027583369455468736,0.18
2025-12-01,GENERAL,ADIT-X4,Pandemic & Health Crisis,303.75,0.25,0.25,,0.6448083333333332,18.0,22.568291666666664,4.0,0.0,44.56829166666667,0.002873800586909722,0.22999999999999998
2025-12-01,POLITICAL,ADIT-P1,China Governance,395.0,0.0,0.0,0.0,0.02813901499999999,18.0,0.9848655249999996,0.0,0.0,18.984865525,5.342154157809577e-05,0.15619058330000002
2025-12-01,POLITICAL,ADIT-P2,EM Governance,126.77777777777777,0.5,0.6666666666666666,0.05555555555555555,0.6600436507936509,18.0,23.101527777777783,9.0,1.3888888888888888,51.49041666666667,0.0033985922597552913,0.18
2025-12-01,POLITICAL,ADIT-P3,EU Breakup Risk,395.0,0.0,0.0,0.0,0.835,18.0,29.224999999999998,0.0,0.0,47.224999999999994,0.0039432875,0.22999999999999998
2025-12-01,POLITICAL,ADIT-P4,US Governance,395.0,0.0,0.0,0.0,0.44999999999999996,18.0,15.749999999999998,0.0,0.0,33.75,0.00151875,0.22999999999999998
2026-01-01,CONFLICT,ADIT-S2,Europe War & NATO Conflict,253.125,0.125,0.125,0.0,0.3864823529411764,18.0,13.526882352941174,2.0,0.0,33.52688235294117,0.0012957548378546707,0.22999999999999998
2026-01-01,CONFLICT,ADIT-S3,Middle East Armed Conflict,206.84615384615384,0.15384615384615385,0.15384615384615385,0.0,0.4840921776375285,18.0,16.943226217313498,2.4615384615384617,0.0,37.404764678851954,0.001810735398740475,0.20666666666666667
2026-01-01,CONFLICT,ADIT-S4,US-China Conflict Escalation,272.0,0.0,0.0,0.0,0.38980496833333333,18.0,13.643173891666667,0.0,0.0,31.643173891666667,0.0012334666396807286,0.22999999999999998
2026-01-01,ENERGY,ADIT-E3,Oil Supply Disruption,180.0,0.0,0.0,0.0,0.835,18.0,29.224999999999998,0.0,0.0,47.224999999999994,0.0039432875,0.22999999999999998
2026-01-01,GENERAL,ADIT-X3,Major Economy Recession,141.61111111111111,0.2222222222222222,0.5555555555555556,0.0,0.47511928571428574,18.0,16.629175,5.555555555555555,0.0,40.18473055555556,0.001909254047817659,0.18
2026-01-01,GENERAL,ADIT-X4,Pandemic & Health Crisis,364.0,0.0,0.0,0.0,0.2575,18.0,9.012500000000001,0.0,0.0,27.012500000000003,0.000695571875,0.20665
2026-01-01,POLITICAL,ADIT-P1,China Governance,364.0,0.0,0.0,0.0,0.02809529165000002,18.0,0.9833352077500007,0.0,0.0,18.983335207750002,5.3334233915145e-05,0.156180964163
2026-01-01,POLITICAL,ADIT-P2,EM Governance,160.77777777777777,0.4444444444444444,0.5,0.05555555555555555,0.5723511904761905,18.0,20.03229166666667,7.444444444444445,1.3888888888888888,46.865624999999994,0.0026823596261160714,0.18
2026-01-01,POLITICAL,ADIT-P3,EU Breakup Risk,364.0,0.0,0.0,0.0,0.6100000000000001,18.0,21.350000000000005,0.0,0.0,39.35000000000001,0.0024003500000000007,0.22999999999999998
2026-01-01,POLITICAL,ADIT-P4,US Governance,364.0,0.0,0.0,0.0,0.23500000000000001,18.0,8.225,0.0,0.0,26.225,0.0006162875,0.2017
2026-02-01,CONFLICT,ADIT-S2,Europe War & NATO Conflict,213.1818181818182,0.09090909090909091,0.2727272727272727,0.0,0.3249766399244926,18.0,11.374182397357242,2.5454545454545454,0.0,31.91963694281179,0.0010373136361284678,0.22149486078338837
2026-02-01,CONFLICT,ADIT-S3,Middle East Armed Conflict,151.16666666666666,0.1111111111111111,0.5,0.0,0.3822588204359931,18.0,13.379058715259758,4.111111111111111,0.0,35.490169826370874,0.0013566430454901603,0.18
2026-02-01,CONFLICT,ADIT-S4,US-China Conflict Escalation,241.0,0.0,0.0,0.0,0.235,18.0,8.225,0.0,0.0,26.225,0.0006162874999999999,0.2017
2026-02-01,ENERGY,ADIT-E3,Oil Supply Disruption,240.08333333333334,0.08333333333333333,0.08333333333333333,0.0,0.5601641791044775,18.0,19.605746268656713,1.3333333333333333,0.0,38.93907960199005,0.002181227756033266,0.22
2026-02-01,GENERAL,ADIT-X3,Major Economy Recession,241.72222222222223,0.1111111111111111,0.16666666666666666,0.0,0.628561507936508,18.0,21.99965277777778,2.111111111111111,0.0,42.1107638888889,0.0026469205250358252,0.18
2026-02-01,GENERAL,ADIT-X4,Pandemic & Health Crisis,240.6,0.3,0.3,0.0,0.4515988410596027,18.0,15.805959437086093,4.8,0.0,38.60595943708609,0.001743440653978211,0.22999999999999998
2026-02-01,POLITICAL,ADIT-P1,China Governance,282.0,0.16666666666666666,0.16666666666666666,0.0,0.7219095179185,18.0,25.2668331271475,2.6666666666666665,0.0,45.933499793814164,0.00331598306924619,0.22999999999999998
2026-02-01,POLITICAL,ADIT-P2,EM Governance,209.94444444444446,0.05555555555555555,0.2222222222222222,0.0,0.6153829365079367,18.0,21.538402777777787,1.8888888888888888,0.0,41.427291666666676,0.0025493648397404115,0.18
2026-02-01,POLITICAL,ADIT-P3,EU Breakup Risk,279.8181818181818,0.0,0.0,0.18181818181818182,0.7092337662337663,18.0,24.823181818181823,0.0,4.545454545454546,47.36863636363637,0.003359543636953956,0.22999999999999998
2026-02-01,POLITICAL,ADIT-P4,US Governance,195.5,0.0,0.5,0.0,0.39915,18.0,13.97025,3.0,0.0,34.97025,0.0013958375287500002,0.22999999999999998
2026-03-01,CONFLICT,ADIT-S2,Europe War & NATO Conflict,184.69230769230768,0.15384615384615385,0.15384615384615385,0.0,0.1616949513015646,18.0,5.659323295554762,2.4615384615384617,0.0,26.120861757093223,0.00042236114697680904,0.1622395559530109
2026-03-01,CONFLICT,ADIT-S3,Middle East Armed Conflict,164.26666666666668,0.3333333333333333,0.3333333333333333,0.0,0.26933434493834685,18.0,9.42670207284214,5.333333333333333,0.0,32.760035406175476,0.0008823402676279322,0.1592535558864363
2026-03-01,CONFLICT,ADIT-S4,US-China Conflict Escalation,182.55555555555554,0.2222222222222222,0.2222222222222222,0.1111111111111111,0.22392551020408163,18.0,7.8373928571428575,3.5555555555555554,2.7777777777777777,32.170726190476195,0.0007203846275838194,0.19926361224489797
2026-03-01,ENERGY,ADIT-E3,Oil Supply Disruption,177.73333333333332,0.26666666666666666,0.26666666666666666,0.0,0.30891346153846155,18.0,10.811971153846155,4.266666666666667,0.0,33.078637820512824,0.001021843651211169,0.16796096153846155
2026-03-01,GENERAL,ADIT-X3,Major Economy Recession,223.55555555555554,0.0,0.2777777777777778,0.0,0.14696230158730156,18.0,5.143680555555554,1.6666666666666667,0.0,24.810347222222223,0.0003646185730957892,0.13233170634920635
2026-03-01,GENERAL,ADIT-X4,Pandemic & Health Crisis,250.0,0.2,0.2,0.0,0.3227205298013245,18.0,11.295218543046357,3.2,0.0,32.495218543046356,0.0010486874144221745,0.22099851655629138
2026-03-01,POLITICAL,ADIT-P1,China Governance,280.0,0.09090909090909091,0.09090909090909091,0.0,0.5077272727272727,18.0,17.770454545454545,1.4545454545454546,0.0,37.224999999999994,0.0018900147727272723,0.22999999999999998
2026-03-01,POLITICAL,ADIT-P2,EM Governance,36.22222222222222,0.5555555555555556,1.0,0.1111111111111111,0.7454603174603176,18.0,26.091111111111115,11.555555555555555,2.7777777777777777,58.424444444444454,0.004355310490299825,0.22999999999999998
2026-03-01,POLITICAL,ADIT-P3,EU Breakup Risk,222.30769230769232,0.0,0.38461538461538464,0.0,0.06500000000000003,18.0,2.2750000000000012,2.307692307692308,0.0,22.58269230769231,0.00014678750000000006,0.14096666666666668
2026-03-01,POLITICAL,ADIT-P4,US Governance,157.83333333333334,0.5,0.5,0.0,0.5783333333333334,18.0,20.241666666666667,8.0,0.0,46.24166666666667,0.0026743097222222227,0.22999999999999998
